<?xml version="1.0" encoding="UTF-8"?>
<!DOCTYPE properties SYSTEM "http://java.sun.com/dtd/properties.dtd">
<properties>
<comment>Board Service SQL</comment>


<!--게시글 목록 조회 + 댓글 개수  -->
<entry key = "selectAll">
SELECT BOARD_NO, BOARD_TITLE, CREATE_DATE, READ_COUNT, MEMBER_NM,
(SELECT COUNT(*) FROM REPLY R
 WHERE R.BOARD_NO = B.BOARD_NO) REPLY_COUNT
 FROM BOARD B
 JOIN MEMBER USING(MEMBER_NO)
 ORDER BY BOARD_NO DESC

</entry>

<!--특정 게시글 상세 조회  -->
<entry key = "selectOne">
SELECT B.* , MEMBER_NM
FROM BOARD B
JOIN MEMBER M ON(B.MEMBER_NO = M.MEMBER_NO)
WHERE BOARD_NO = ?
</entry>

<!--특정 게시글 댓글 목록 조회  -->
<entry key = "selectReplyList">
SELECT R.*, MEMBER_NM 
FROM REPLY R
JOIN MEMBER M ON (R.MEMBER_NO = M.MEMBER_NO) 
WHERE BOARD_NO = ?
ORDER BY REPLY_NO

</entry>

<!--게시글 조회수 증가  -->
<entry key = "increaseReadCount">
UPDATE BOARD SET READ_COUNT = READ_COUNT + 1
WHERE BOARD_NO = ?
</entry>

<!--  게시글삭제 --> 
<entry key = "deleteBoard">
DELETE FROM BOARD 
WHERE BOARD_NO = ?


</entry>

<!--게시글 수정  -->
<entry key = "updateBoard">
UPDATE BOARD SET BOARD_TITLE = ?,
BOARD_CONTENT = ?
WHERE BOARD_NO = ?

</entry>

<!--댓글 삽입  -->
<entry key = "insertReply">
INSERT INTO REPLY
VALUES(SEQ_REPLY_NO.NEXTVAL, ?, DEFAULT, ?, ?)

</entry>

<!--댓글 수정  -->
<entry key = "updateReply">
UPDATE REPLY SET REPLY_CONTENT = ?
WHERE REPLY_NO = ?


</entry>

<!--댓글 삭제  -->
<entry key = "deleteReply">
DELETE FROM REPLY WHERE REPLY_NO = ?


</entry>

<entry key = "insertBoard">
INSERT INTO BOARD
VALUES (SEQ_BOARD_NO.NEXTVAL, ?, ?, DEFAULT, DEFAULT, ?)
</entry>

<!--게시글 검색 1  -->
<entry key = "searchBoard1">
SELECT BOARD_NO, BOARD_TITLE, CREATE_DATE, READ_COUNT, MEMBER_NM,
        (SELECT COUNT(*) FROM REPLY R
        WHERE R.BOARD_NO = B.BOARD_NO) REPLY_COUNT
FROM BOARD B
JOIN MEMBER USING(MEMBER_NO)

</entry> 

<!--게시글 검색 2  -->
<entry key = "searchBoard2">
ORDER BY BOARD_NO DESC
</entry> 

<!--검색 조건 1 (제목)  -->
<entry key = "condition1">
WHERE BOARD_TITLE LIKE '%' || ? || '%'

</entry>

<!--검색 조건 2 (내용)  -->
<entry key = "condition2">
WHERE BOARD_CONTENT LIKE '%' || ? || '%'
</entry>

<!--검색 조건 3 (제목 + 내용)  -->
<entry key = "condition3">
 WHERE BOARD_TITLE LIKE '%' || ? || '%' -- 제목 + 내용 
OR BOARD_CONTENT LIKE '%' || ? || '%'

</entry>

<!--검색 조건 4 (작성자)  -->
<entry key = "condition4">
WHERE MEMBER_NM LIKE '%' || ? || '%'
</entry>









</properties>
